url_path,views_total,views_unique
/prismaudio-official/spectral-limiter,15,3
/prismaudio-official/spectral-limiter/graphs/traffic,13,1
/prismaudio-official/spectral-limiter/tree/github-repo-stats,9,1
/prismaudio-official/spectral-limiter/actions,5,1
/prismaudio-official/spectral-limiter/blob/github-repo-stats/index.html,5,1
/prismaudio-official/spectral-limiter/actions/runs/32751090742,4,1
/prismaudio-official/spectral-limiter/actions/workflows/traffic.yml,4,1
/prismaudio-official/spectral-limiter/actions/workflows/pages/pages-build-deployment,3,1
/prismaudio-official/spectral-limiter/edit/github-repo-stats/index.html,3,1
/prismaudio-official/spectral-limiter/pulse,3,1
